{
    "id": "DuetLapse3",
    "name": "DuetLapse3",
    "author": "Stuartofmt",
    "version": "5.3.0",
    "license": "GPL-2.0-or-later",
    "homepage": "https://github.com/stuartofmt/DuetLapse3",
    "dwcVersion": "3.5.0.beta.3",
	"sbcRequired": true,
	"sbcDsfVersion": "3.5.0.beta.3",
	"sbcExecutable": "DuetLapse3.py",
	"sbcExecutableArguments": "-file /opt/dsf/sd/sys/DuetLapse3/DuetLapse3.config",
	"sbcOutputRedirected": false,
	"sbcPermissions": ["commandExecution", "objectModelReadWrite", "networkAccess", "webcamAccess", "readSystem", "writeSystem", "fileSystemAccess","launchProcesses", "managePlugins"],
	"sbcPythonDependencies": ["requests", "psutil"]
 }
 